Reduction Method,Components,Clustering Method,Adjusted Rand Index,Mutual Information,Accuracy,Dunn Index,Silhouette Score,Gap Statistic,Calinski-Harabasz Index,Davies-Bouldin Index,WCSS
PCA_full,5,Hierarchical,0.5299282213005644,0.35334042596315685,0.8641041162227603,,,1.5130391408564776,2578.0415801281506,0.8984748890258996,366321171.8807363
PCA_full,5,SphericalKMeans,0.3690330924725879,0.20063326185002445,0.8038740920096852,,,1.5126791357531033,3028.0099565788623,0.8637339942019653,340281253.4443706
PCA_randomized,5,Hierarchical,0.5316958021482785,0.35430622666973144,0.8647094430992736,,,1.5111742105184298,2573.253677151194,0.8992956151298744,366619696.8804716
PCA_randomized,5,SphericalKMeans,0.3690330924725879,0.20063326185002445,0.8038740920096852,,,1.514870730751639,3028.0099548151647,0.8637339954206783,340281253.5191256
PCA_full,6,Hierarchical,0.10546053792505154,0.05246343701336087,0.6628329297820823,,,1.537692234310601,2803.6737238457313,0.9297458497411851,355005147.792719
PCA_full,6,SphericalKMeans,0.3631716116953275,0.19677045243169666,0.801452784503632,,,1.5423884449045886,2986.751937235292,0.8732119968585083,344670234.14838105
PCA_randomized,6,Hierarchical,0.10546053792505154,0.05246343701336087,0.6628329297820823,,,1.5426991343827083,2803.673729203695,0.92974581661654,355005147.430997
PCA_randomized,6,SphericalKMeans,0.3631716116953275,0.19677045243169666,0.801452784503632,,,1.5443591245888229,2986.7519154157076,0.8732119531174323,344670235.2955259
PCA_full,7,Hierarchical,0.2215125899765637,0.11332429239080158,0.7354721549636803,,,1.5560001814466204,2609.9588953233506,0.9174288283770372,368361821.52119225
PCA_full,7,SphericalKMeans,0.3609861844036608,0.1953073396677415,0.8005447941888619,,,1.552400842559603,2957.2056199528,0.8800741212693661,347925931.7664253
PCA_randomized,7,Hierarchical,0.623793940249821,0.4056248625099008,0.8949757869249395,,,1.5528681195160559,2299.776429075019,0.956123404888156,388758802.86190534
PCA_randomized,7,SphericalKMeans,0.3609861844036608,0.1953073396677415,0.8005447941888619,,,1.554912497513353,2957.205645208152,0.8800748109805681,347925922.5385016
PCA_full,8,Hierarchical,0.4150063517058233,0.291343295711347,0.8223365617433414,,,1.575616341196529,2779.609185082347,0.8734462018597954,359606755.84248567
PCA_full,8,SphericalKMeans,0.359531493174591,0.1944258915033013,0.7999394673123487,,,1.5770255861465472,2934.5751685961523,0.8861292723031567,350671272.32936335
PCA_randomized,8,Hierarchical,0.5842243982989214,0.3833047127460575,0.8822639225181598,,,1.576476388733223,2366.136155157847,0.9475770666054305,385838949.47449005
PCA_randomized,8,SphericalKMeans,0.359531493174591,0.1944258915033013,0.7999394673123487,,,1.5757058498347547,2934.5753495779763,0.886128569440152,350671254.17356986
PCA_full,9,Hierarchical,0.8287809195154946,0.533413545605844,0.9552058111380145,,,1.6425760863485586,1775.3939278961057,1.0785778186430761,432462967.7009989
PCA_full,9,SphericalKMeans,0.3588059512644342,0.1939425622638456,0.799636803874092,,,1.6405662340372942,2911.7324900758017,0.8910163998938221,353376147.0665107
PCA_randomized,9,Hierarchical,0.8287809195154946,0.533413545605844,0.9552058111380145,,,1.6424675506181465,1775.393949832418,1.078578172826235,432462961.98797107
PCA_randomized,9,SphericalKMeans,0.3588059512644342,0.1939425622638456,0.799636803874092,,,1.6453819528540485,2911.732628733934,0.8910165234850392,353376136.039463
PCA_full,10,Hierarchical,0.5612819584589911,0.37056281860130036,0.8746973365617433,,,1.6550009743182557,2387.4457967108237,0.9480151259507151,387245986.9792829
PCA_full,10,SphericalKMeans,0.3588059512644342,0.1939425622638456,0.799636803874092,,,1.653633042244003,2893.485913330675,0.8955787371344739,355616183.0941802
PCA_randomized,10,Hierarchical,0.5612819584589911,0.37056281860130036,0.8746973365617433,,,1.6515567548156511,2387.446147351523,0.9480149802595375,387245948.8211262
PCA_randomized,10,SphericalKMeans,0.3588059512644342,0.1939425622638456,0.799636803874092,,,1.6589251460151822,2893.4874015950827,0.8955785201002765,355616084.5441481
PCA_full,11,Hierarchical,0.567659896760488,0.3740920753944102,0.8768159806295399,,,1.6677902555559818,2368.6654593018684,0.9532016541259599,389725642.86334264
PCA_full,11,SphericalKMeans,0.3580811422498122,0.19346054717169897,0.7993341404358354,,,1.673335654427035,2875.7458596928564,0.8996761426169697,357736266.88153374
PCA_randomized,11,Hierarchical,0.28350215445638,0.14733028019163766,0.7663438256658596,,,1.6709997592154693,2584.6531727504253,0.9257030912146704,375426156.2009727
PCA_randomized,11,SphericalKMeans,0.3580811422498122,0.19346054717169897,0.7993341404358354,,,1.6765030945845822,2875.7458785837284,0.8996768270364022,357736238.584259
PCA_full,12,Hierarchical,0.4951889842235062,0.3344609593867245,0.8519975786924939,,,1.6786463646047203,2528.810185576827,0.9250020891397523,380059209.1522951
PCA_full,12,SphericalKMeans,0.358082542074257,0.19337509405897557,0.7993341404358354,,,1.6758072329854095,2858.2148549040157,0.9036338038746066,359736333.8850631
PCA_randomized,12,Hierarchical,0.4774177716249153,0.32486474898659795,0.8456416464891041,,,1.6793586325440515,2561.7611916207006,0.9189946144627645,377923478.25713235
PCA_randomized,12,SphericalKMeans,0.358082542074257,0.19337509405897557,0.7993341404358354,,,1.6820113526443485,2858.2150950610326,0.9036344713669572,359736306.4454049
PCA_full,13,Hierarchical,0.3820331279254947,0.27364833041075454,0.809322033898305,,,1.6955283620295312,2765.566099830001,0.8817042518345265,366184760.48220795
PCA_full,13,SphericalKMeans,0.358082542074257,0.19337509405897557,0.7993341404358354,,,1.7002167223864397,2844.519995669864,0.9070161648511507,361481007.2270938
PCA_randomized,13,Hierarchical,0.5925952637666068,0.38798778051462646,0.8849878934624698,,,1.6954569730599793,2286.714838676107,0.9728413830464125,397560067.99406904
PCA_randomized,13,SphericalKMeans,0.358082542074257,0.19337509405897557,0.7993341404358354,,,1.6957839884172117,2844.520980518177,0.9070156127881567,361480886.2291111
PCA_full,14,Hierarchical,0.6180623636806509,0.4023615529422277,0.8931598062953995,,,1.7135569620468338,2220.9573880795438,0.987396982539081,403305157.4716388
PCA_full,14,SphericalKMeans,0.35735846370523056,0.19289530033882157,0.7990314769975787,,,1.7148047114565124,2830.267018592671,0.9104118488500424,363232258.5358913
PCA_randomized,14,Hierarchical,0.1395038605884368,0.06975627515797939,0.687046004842615,,,1.7140486020394157,2638.076590618651,0.9565193194796193,374984552.709604
PCA_randomized,14,SphericalKMeans,0.35735846370523056,0.19289530033882157,0.7990314769975787,,,1.7133013415172762,2830.267345063424,0.9104110781737359,363232200.7596502
PCA_full,15,Hierarchical,0.19225688489369785,0.09754984799352534,0.7194309927360775,,,1.7328939620539785,2609.535828576973,0.9472631899209473,377648895.18168515
PCA_full,15,SphericalKMeans,0.35735846370523056,0.19289530033882157,0.7990314769975787,,,1.7324199021018245,2818.411448103572,0.9132176280218753,364760603.6650988
PCA_randomized,15,Hierarchical,0.29193744430448537,0.15205517611493916,0.7702784503631961,,,1.7293242673072946,2573.6253487223753,0.93763010095699,379956783.7233997
PCA_randomized,15,SphericalKMeans,0.35735846370523056,0.19289530033882157,0.7990314769975787,,,1.7306833286545746,2818.4149448500634,0.9132179120360213,364760188.64419055
PCA_full,16,Hierarchical,0.20908335526897653,0.10668444309809566,0.7288135593220338,,,1.7622268206689569,2613.596234794452,0.9476601157031703,378191895.7042074
PCA_full,16,SphericalKMeans,0.35735846370523056,0.19289530033882157,0.7990314769975787,,,1.7605802285147156,2807.3699323924566,0.9158200413069064,366196609.30918217
PCA_randomized,16,Hierarchical,0.3933850253485292,0.2778722285722371,0.8138619854721549,,,1.7627581147394054,2709.7998223237237,0.8941109388092303,372139813.4922876
PCA_randomized,16,SphericalKMeans,0.35735846370523056,0.19289530033882157,0.7990314769975787,,,1.763733213134529,2807.370200545991,0.9158188141983005,366196513.0927208
PCA_full,17,Hierarchical,0.5805229770672272,0.3812400038137739,0.8810532687651331,,,1.7749412540193248,2278.995753454131,0.9796075176557355,401663264.56152415
PCA_full,17,SphericalKMeans,0.35735846370523056,0.19289530033882157,0.7990314769975787,,,1.773594512354677,2797.07906319748,0.9185142270088664,367544173.57252216
PCA_randomized,17,Hierarchical,0.2906248259418791,0.15135762480939827,0.7696731234866828,,,1.77485959546431,2593.4607796106825,0.9377618790139752,380238266.4938894
PCA_randomized,17,SphericalKMeans,0.35735846370523056,0.19289530033882157,0.7990314769975787,,,1.7738831231516983,2797.0825448147293,0.9185156790836037,367543769.173561
PCA_full,18,Hierarchical,0.5020452657341968,0.3362993366661923,0.8544188861985472,,,1.7797948969103743,2454.599612558332,0.9461867994788158,390133756.35198915
PCA_full,18,SphericalKMeans,0.35735846370523056,0.19289530033882157,0.7990314769975787,,,1.785018778145048,2787.543378332589,0.9209796529925467,368803322.5369247
PCA_randomized,18,Hierarchical,0.27455676004172225,0.1425720262056752,0.7621065375302664,,,1.781098635858008,2436.446263437036,0.9536259929151507,391366880.5128517
PCA_randomized,18,SphericalKMeans,0.35735846370523056,0.19289530033882157,0.7990314769975787,,,1.781067605178709,2787.5597280850475,0.9209804891328608,368801344.1684756
PCA_full,19,Hierarchical,0.5925964452832997,0.38613090026401253,0.8849878934624698,,,1.79452290297926,2240.1596040989057,0.9899399419931865,405921068.35670424
PCA_full,19,SphericalKMeans,0.35735846370523056,0.19289530033882157,0.7990314769975787,,,1.7931801583294096,2778.808614189973,0.923153369713337,369963846.9544034
PCA_randomized,19,Hierarchical,0.47490526600294625,0.32351067247204646,0.8447336561743342,,,1.7920357271542535,2512.5706730779,0.935286431506925,386903430.53433686
PCA_randomized,19,SphericalKMeans,0.35735846370523056,0.19289530033882157,0.7990314769975787,,,1.7966553573098345,2778.813667424051,0.9231533977683204,369963209.4550258
PCA_full,20,Hierarchical,0.585151576979049,0.3838224783735317,0.8825665859564165,,,1.8047875266329996,2243.7434941972415,0.9901165675246768,406340088.80318594
PCA_full,20,SphericalKMeans,0.35735846370523056,0.19289530033882157,0.7990314769975787,,,1.802175535181906,2770.245917386139,0.9252537603650496,371107813.2490758
PCA_randomized,20,Hierarchical,0.4833057943382542,0.3280404193673737,0.8477602905569007,,,1.806922484028778,2462.8971249249716,0.9460828147777354,390892072.647038
PCA_randomized,20,SphericalKMeans,0.35735846370523056,0.19289530033882157,0.7990314769975787,,,1.8042537889364745,2770.2577146587623,0.9252507788263356,371106216.4438302
PCA_full,21,Hierarchical,0.12974412765570545,0.0644396959074841,0.6803874092009685,,,1.8144935504086739,2495.721608361385,0.9847951144182541,389270478.80200577
PCA_full,21,SphericalKMeans,0.35735846370523056,0.19289530033882157,0.7990314769975787,,,1.8117700124422278,2762.559862453974,0.9272891174907015,372142730.4922902
PCA_randomized,21,Hierarchical,0.34825072721831346,0.2554424801384644,0.7953995157384988,,,1.810807895842654,2759.6547082363877,0.8848418151218562,372320402.8628347
PCA_randomized,21,SphericalKMeans,0.35735846370523056,0.19289530033882157,0.7990314769975787,,,1.8087587760829145,2762.5670591124276,0.9272838845442885,372141605.65589887
PCA_full,22,Hierarchical,0.6066780000309043,0.3959115739979593,0.8895278450363197,,,1.8134539096121998,2194.430818542,1.0022319417206809,411205558.5063349
PCA_full,22,SphericalKMeans,0.35735846370523056,0.19289530033882157,0.7990314769975787,,,1.8169292653273565,2755.237983422391,0.9292424609205503,373134242.1604811
PCA_randomized,22,Hierarchical,0.49177920922802715,0.33261697331487494,0.8507869249394673,,,1.814339713598514,2437.557140741486,0.9527446027416995,393785885.662047
PCA_randomized,22,SphericalKMeans,0.35735846370523056,0.19289530033882157,0.7990314769975787,,,1.8136914627895884,2755.2602090512146,0.9292318597409078,373131830.88907385
PCA_full,23,Hierarchical,0.23540123062894028,0.1208009358892976,0.7427360774818402,,,1.816934703488041,2468.864682358328,0.964933287896123,392210496.3123845
PCA_full,23,SphericalKMeans,0.35735846370523056,0.19289530033882157,0.7990314769975787,,,1.8212725423466232,2748.059141721816,0.9311163865941208,374111004.23974025
PCA_randomized,23,Hierarchical,0.386553173476059,0.27607678407856273,0.8111380145278451,,,1.8190791011495904,2652.3334624562667,0.908227615164732,380124528.55980444
PCA_randomized,23,SphericalKMeans,0.35735846370523056,0.19289530033882157,0.7990314769975787,,,1.8177453402093846,2748.063770258199,0.9311164061952533,374109808.7975135
PCA_full,24,Hierarchical,0.49775396907881136,0.3358490312567426,0.8529055690072639,,,1.817787261334317,2409.549688187968,0.9597344347741783,396816987.08196473
PCA_full,24,SphericalKMeans,0.35591111249054697,0.1920223149397177,0.7984261501210653,,,1.8203163578770614,2742.492690173824,0.9327681246183968,374959497.01785606
PCA_randomized,24,Hierarchical,0.49946760361401576,0.33677685082082487,0.8535108958837773,,,1.8199417981914081,2406.1774831385455,0.9604092191811824,397050847.32823825
PCA_randomized,24,SphericalKMeans,0.35591111249054697,0.1920223149397177,0.7984261501210653,,,1.823563305754785,2742.501290711955,0.9327655217978911,374958428.72310436
PCA_full,25,Hierarchical,0.2041709869019623,0.10388938017290583,0.726089588377724,,,1.8204094035714746,2427.468489226552,0.976415919617801,396083904.7809017
PCA_full,25,SphericalKMeans,0.355189234969522,0.1915454849593392,0.7981234866828087,,,1.8259571408898623,2734.882073846014,0.9345947230168341,375914292.1415746
PCA_randomized,25,Hierarchical,0.24428380975872915,0.12571413422034083,0.7472760290556901,,,1.821831552209936,2505.650202039026,0.9651175719665397,390750100.5241364
PCA_randomized,25,SphericalKMeans,0.355189234969522,0.1915454849593392,0.7981234866828087,,,1.8244655293361483,2734.904873971622,0.9345850639326863,375911157.72589517
PCA_full,50,Hierarchical,0.2631897054089406,0.1363334228133466,0.7566585956416465,,,1.8582314333798031,2481.8832705415443,0.9827896576210503,400413709.6741929
PCA_full,50,SphericalKMeans,0.34090149491012245,0.18247023191996314,0.7920702179176755,,,1.8577165362727257,2623.9984121418734,0.9628294633886292,390811133.5188451
PCA_randomized,50,Hierarchical,0.4774177716249153,0.32486474898659795,0.8456416464891041,,,1.8582074723415403,2358.896669553463,0.9808587477069823,409109921.73000383
PCA_randomized,50,SphericalKMeans,0.3487197574828548,0.18761718285110662,0.7953995157384988,,,1.8553852293029287,2638.0631579913743,0.961268323175623,389882890.4347518
PCA_full,75,Hierarchical,0.5667465749588791,0.37358609770898277,0.8765133171912833,,,1.8715767011040505,2151.863008016946,1.032307878424371,428871910.76642394
PCA_full,75,SphericalKMeans,0.34090149491012245,0.18247023191996314,0.7920702179176755,,,1.873097236678074,2577.9779961300746,0.9759580022923471,397792075.2162628
PCA_randomized,75,Hierarchical,0.6401760434111358,0.4150151643837088,0.9001210653753027,,,1.8715835440679172,1996.150027524491,1.0694695294546366,441463117.91024476
PCA_randomized,75,SphericalKMeans,0.34090149491012245,0.18247023191996314,0.7920702179176755,,,1.8699458547569598,2578.120963548188,0.9759096254838061,397770359.62468493
PCA_full,100,Hierarchical,0.3701078915329209,0.26723431911524825,0.8044794188861986,,,1.8775234650859787,2503.1159405332787,0.9514104148493661,405437423.99850845
PCA_full,100,SphericalKMeans,0.3401950128316103,0.18201657242142572,0.7917675544794189,,,1.8745480080403851,2548.6604137974214,0.9843993020748241,402281295.8673943
PCA_randomized,100,Hierarchical,0.4064431123280963,0.2867511238489239,0.8190072639225182,,,1.875897788942364,2414.7278796660366,0.9719650633236826,411697774.5146718
PCA_randomized,100,SphericalKMeans,0.3401950128316103,0.18201657242142572,0.7917675544794189,,,1.8749850061343558,2548.7494246467068,0.9843645964377903,402267124.2165878
PCA_full,125,Hierarchical,0.48668641370836363,0.32986536014381695,0.8489709443099274,,,1.8822375398494025,2267.8686711965056,1.010585861263705,424364154.06925297
PCA_full,125,SphericalKMeans,0.3401950128316103,0.18201657242142572,0.7917675544794189,,,1.8787309820561546,2529.5516779075015,0.9900217389942272,405321385.7100336
PCA_randomized,125,Hierarchical,0.5549397525448911,0.3670625673631339,0.8725786924939467,,,1.8820422956719547,2130.108088058766,1.043384984423811,435110831.53036344
PCA_randomized,125,SphericalKMeans,0.3401950128316103,0.18201657242142572,0.7917675544794189,,,1.8812592239988568,2529.708585115575,0.9899688244717109,405296155.09092194
PCA_full,150,Hierarchical,0.2203069898869378,0.11289779694048577,0.7348668280871671,,,1.8835744245474757,2397.374836037281,1.0169377517973426,416034522.53450894
PCA_full,150,SphericalKMeans,0.3401950128316103,0.18201657242142572,0.7917675544794189,,,1.8892813463073388,2515.4949425570485,0.9941654661789613,407587236.7864481
PCA_randomized,150,Hierarchical,0.18178631822956248,0.09187596152777047,0.7133777239709443,,,1.8857748585026286,2303.9016191918367,1.0330759549145645,422953871.0913552
PCA_randomized,150,SphericalKMeans,0.3401950128316103,0.18201657242142572,0.7917675544794189,,,1.8834876576092903,2515.679261002566,0.9941063343783445,407557323.8779546
PCA_full,175,Hierarchical,0.4782567311761884,0.325317026725793,0.8459443099273608,,,1.8845550022411395,2232.151561254393,1.0209963269363296,429546431.9727067
PCA_full,175,SphericalKMeans,0.3401950128316103,0.18201657242142572,0.7917675544794189,,,1.8907418459706484,2504.263148662083,0.9975136761366711,409415659.65379524
PCA_randomized,175,Hierarchical,0.4951889842235062,0.3344609593867245,0.8519975786924939,,,1.8842098275994346,2222.828794687954,1.0236799939197332,430249245.37630695
PCA_randomized,175,SphericalKMeans,0.3401950128316103,0.18201657242142572,0.7917675544794189,,,1.8858773047129773,2504.488680770268,0.9974530908633283,409378808.8522464
PCA_full,200,Hierarchical,0.4665776207416477,0.31902661825389556,0.8417070217917676,,,1.8867666708311361,2263.5759822984837,1.014605346302739,428038105.9731473
PCA_full,200,SphericalKMeans,0.3401950128316103,0.18201657242142572,0.7917675544794189,,,1.8874224013367922,2494.8482985383553,1.0003510778643305,410961004.9159576
PCA_randomized,200,Hierarchical,0.20692757127976363,0.1054278367346782,0.7276029055690073,,,1.8900716110218347,2208.54631517323,1.043418146221225,432286116.7346498
PCA_randomized,200,SphericalKMeans,0.3401950128316103,0.18201657242142572,0.7917675544794189,,,1.8872671907859342,2495.1160435543043,1.0002732174584672,410916850.6849735
PCA_full,225,Hierarchical,0.22607752703425074,0.11572093396939911,0.7378934624697336,,,1.887540726207245,2278.2528165331014,1.0344007400417736,427716018.33375806
PCA_full,225,SphericalKMeans,0.3401950128316103,0.18201657242142572,0.7917675544794189,,,1.8891643806646634,2486.6342442191867,1.0028386534018787,412318936.6069925
PCA_randomized,225,Hierarchical,0.33969143209814745,0.25080822720319423,0.7917675544794189,,,1.8866571797642173,2419.010589789503,0.9645690174744097,417164040.6802899
PCA_randomized,225,SphericalKMeans,0.3401950128316103,0.18201657242142572,0.7917675544794189,,,1.885954686899204,2486.931696163258,1.0027466999755335,412269485.9213988
PCA_full,250,Hierarchical,0.20143069022990148,0.10239131103603377,0.7245762711864406,,,1.8882843607853559,2254.9744316048136,1.0422181382301554,430225683.2472895
PCA_full,250,SphericalKMeans,0.3401950128316103,0.18201657242142572,0.7917675544794189,,,1.8875933605817572,2479.371163018578,1.0050424024185571,413527008.4227967
PCA_randomized,250,Hierarchical,0.19602413171859817,0.09948550444443394,0.7215496368038741,,,1.892256362721362,2270.7061872053887,1.0394668272282936,428979785.27718514
PCA_randomized,250,SphericalKMeans,0.3401950128316103,0.18201657242142572,0.7917675544794189,,,1.8875028169898727,2479.688352398479,1.0049394928739488,413474085.4042227
PCA_full,275,Hierarchical,0.33827508100872095,0.25004030810159456,0.7911622276029056,,,1.8881680972015644,2474.354323650669,0.956405216163735,414509825.73943216
PCA_full,275,SphericalKMeans,0.33948926345200664,0.18156407748364728,0.7914648910411622,,,1.8911813046037835,2471.891900724035,1.007165801487296,414686603.9881017
PCA_randomized,275,Hierarchical,0.22954597205138125,0.11761345666927742,0.7397094430992736,,,1.891197760893057,2281.662256603299,1.0357603985384003,428782966.692358
PCA_randomized,275,SphericalKMeans,0.33948926345200664,0.18156407748364728,0.7914648910411622,,,1.8908130249256487,2472.2098079930365,1.0070685413328053,414633230.6942378
PCA_full,300,Hierarchical,0.5897984108646038,0.3864209340001262,0.8840799031476998,,,1.891940547455448,2019.0267829102672,1.0785322858865614,450595868.2905542
PCA_full,300,SphericalKMeans,0.33948926345200664,0.18156407748364728,0.7914648910411622,,,1.892836451316434,2465.9916829703056,1.0089700005984301,415678942.5549334
PCA_randomized,300,Hierarchical,0.49946760361401576,0.33677685082082487,0.8535108958837773,,,1.8883111662653072,2184.4654071898567,1.0368659257768282,436973414.7881539
PCA_randomized,300,SphericalKMeans,0.33948926345200664,0.18156407748364728,0.7914648910411622,,,1.8893365184296442,2466.3389897635816,1.0088713962080482,415620428.74929804
PCA_full,325,Hierarchical,0.2946086776351143,0.15497405238673592,0.7714891041162227,,,1.8923981154206864,2057.016907430546,1.0523769376206367,447966128.03824383
PCA_full,325,SphericalKMeans,0.33948926345200664,0.18156407748364728,0.7914648910411622,,,1.8895051904211613,2460.5699784982876,1.010631906407808,416595037.1224387
PCA_randomized,325,Hierarchical,0.3425328754651433,0.25234786611484855,0.7929782082324455,,,1.8907572329507438,2445.187851469153,0.9636361209376346,417674591.8827375
PCA_randomized,325,SphericalKMeans,0.33948926345200664,0.18156407748364728,0.7914648910411622,,,1.8908888606110423,2460.9346526080685,1.0105173725387369,416533326.340853
PCA_full,350,Hierarchical,0.46989993309463896,0.3208148262644124,0.8429176755447942,,,1.8930166276840694,2228.8701463531647,1.0266456302642994,434553107.5001602
PCA_full,350,SphericalKMeans,0.33948926345200664,0.18156407748364728,0.7914648910411622,,,1.8915229915755454,2455.5758047441036,1.012174303645555,417442495.0336292
PCA_randomized,350,Hierarchical,0.24429864421109443,0.12566103759989722,0.7472760290556901,,,1.8891823483189683,2252.049716014142,1.0409746215544722,432627329.6743376
PCA_randomized,350,SphericalKMeans,0.33948926345200664,0.18156407748364728,0.7914648910411622,,,1.8886015333283126,2456.686118642805,1.0118508313836958,417253805.4711697
PCA_full,375,Hierarchical,0.22839756736684683,0.11698621755042479,0.7391041162227603,,,1.8889487048346822,2222.367381974867,1.0476654758769735,435536777.11810756
PCA_full,375,SphericalKMeans,0.33807996275527386,0.18066255824500055,0.7908595641646489,,,1.892144129066164,2448.945480387656,1.0138448372614013,418377321.3234399
PCA_randomized,375,Hierarchical,0.19603737233303214,0.09951827054135304,0.7215496368038741,,,1.8894730952343401,2197.587749571103,1.0554437139777357,437385684.42240596
PCA_randomized,375,SphericalKMeans,0.33807996275527386,0.18066255824500055,0.7908595641646489,,,1.890787597763353,2450.0514800084975,1.0135159530863707,418188355.9713346
PCA_full,400,Hierarchical,0.2595122847178133,0.1340310915300277,0.7548426150121066,,,1.891090203708572,2222.982053534999,1.044193431431418,435930616.4722038
PCA_full,400,SphericalKMeans,0.3373764114210521,0.18021352255315604,0.7905569007263923,,,1.889376800597148,2443.6126245568216,1.0153280982598334,419190953.16335404
PCA_randomized,400,Hierarchical,0.568573947827657,0.37459865712048646,0.8771186440677966,,,1.8895903084911687,2044.600392263073,1.0742874086325007,450356678.7341511
PCA_randomized,400,SphericalKMeans,0.3373764114210521,0.18021352255315604,0.7905569007263923,,,1.890122101624165,2444.7278101762154,1.0149917700170716,418999694.21110857
PCA_full,425,Hierarchical,0.36568400868406514,0.2648518385835499,0.8026634382566586,,,1.8876348633493087,2397.0506081101585,0.9812131344520508,423017833.6215584
PCA_full,425,SphericalKMeans,0.3373764114210521,0.18021352255315604,0.7905569007263923,,,1.889428521492352,2439.575924056223,1.0165944848182877,419884727.43895024
PCA_randomized,425,Hierarchical,0.4591450522626906,0.315029151450864,0.8389830508474576,,,1.8872850252889641,2256.827291127017,1.0208525152810588,433577914.43517065
PCA_randomized,425,SphericalKMeans,0.3373764114210521,0.18021352255315604,0.7905569007263923,,,1.891902154806676,2440.65846460091,1.0162694450131502,419698430.3435605
PCA_full,450,Hierarchical,0.4599679780898402,0.3154715531294098,0.8392857142857143,,,1.8905143979260863,2235.7471114584505,1.0264111912323108,435730390.736434
PCA_full,450,SphericalKMeans,0.3345695326463266,0.17842874214151733,0.7893462469733656,,,1.8893854147767222,2431.7871670687227,1.0182743834755574,420832626.3893969
PCA_randomized,450,Hierarchical,0.5649221191332191,0.3725759474357229,0.87590799031477,,,1.8925348870945662,2042.942863089918,1.0757615419029871,451328507.8419277
PCA_randomized,450,SphericalKMeans,0.3373764114210521,0.18021352255315604,0.7905569007263923,,,1.8910338698876608,2436.8967475813743,1.0174644983324996,420346486.96465826
PCA_full,475,Hierarchical,0.4774177716249153,0.32486474898659795,0.8456416464891041,,,1.8913414060690705,2196.722337792671,1.0367482195747415,439195083.47632045
PCA_full,475,SphericalKMeans,0.3345695326463266,0.17842874214151733,0.7893462469733656,,,1.8899360993405452,2428.2114298627143,1.0194117705508867,421452479.6719097
PCA_randomized,475,Hierarchical,0.3466877086923026,0.18332071152846435,0.7944915254237288,,,1.8868623591857947,2134.352444484383,1.050818731773713,444115414.3814132
PCA_randomized,475,SphericalKMeans,0.3345695326463266,0.17842874214151733,0.7893462469733656,,,1.8929150383357793,2429.3346516201127,1.01906973406842,421257536.9199747
PCA_full,500,Hierarchical,0.6123570506669099,0.39912395722527916,0.8913438256658596,,,1.8883856304524258,1954.3933443645117,1.1000254944550327,459811297.2669431
PCA_full,500,SphericalKMeans,0.3345695326463266,0.17842874214151733,0.7893462469733656,,,1.8937334098766883,2424.8372328920514,1.0204892016703822,422039066.99772125
PCA_randomized,500,Hierarchical,0.5029036199365805,0.3386383861204978,0.8547215496368039,,,1.8918875736266614,2157.646390897416,1.0470875782887104,442578594.19838953
PCA_randomized,500,SphericalKMeans,0.3345695326463266,0.17842874214151733,0.7893462469733656,,,1.8901225953185303,2425.926952307073,1.020157275038452,421849413.34324336
PCA_full,525,Hierarchical,0.12761924710581962,0.06327051171545844,0.6788740920096852,,,1.890260030433371,2096.269984903585,1.0941505126856714,448067163.5939881
PCA_full,525,SphericalKMeans,0.3345695326463266,0.17842874214151733,0.7893462469733656,,,1.8899819716917179,2421.6434670808017,1.0215133334305315,422595770.3972694
PCA_randomized,525,Hierarchical,0.48499464627819405,0.32895194912207304,0.8483656174334141,,,1.8908261754837241,2204.1437623697366,1.0355457688787513,439175625.7417637
PCA_randomized,525,SphericalKMeans,0.3345695326463266,0.17842874214151733,0.7893462469733656,,,1.8906636007802895,2422.7242344389897,1.0211828555682758,422407094.7759484
PCA_full,550,Hierarchical,0.47406922179478983,0.32306022887410346,0.8444309927360775,,,1.891143514353761,2191.888472394844,1.0388658831640636,440587684.67763793
PCA_full,550,SphericalKMeans,0.3345695326463266,0.17842874214151733,0.7893462469733656,,,1.8886941252739504,2418.607344808379,1.0224920907179116,423126331.8791355
PCA_randomized,550,Hierarchical,0.22837948682460887,0.11700166260225336,0.7391041162227603,,,1.8901380423574672,2245.831871132257,1.051109296410452,436191815.7034022
PCA_randomized,550,SphericalKMeans,0.3345695326463266,0.17842874214151733,0.7893462469733656,,,1.8897228720503918,2419.681825320725,1.0221662787505594,422938382.62331843
PCA_full,575,Hierarchical,0.24553128595318865,0.12670109050381886,0.7478813559322034,,,1.8885111052939756,2122.8688376540113,1.059837237160991,446501176.33529085
PCA_full,575,SphericalKMeans,0.3345695326463266,0.17842874214151733,0.7893462469733656,,,1.8910948859941357,2415.7193437475785,1.0234243496842363,423632251.2272146
PCA_randomized,575,Hierarchical,0.20577506322533712,0.10485469918431789,0.7269975786924939,,,1.8848579627056523,2278.674522242262,1.0503978232247537,433924549.8643646
PCA_randomized,575,SphericalKMeans,0.3345695326463266,0.17842874214151733,0.7893462469733656,,,1.8910881432168871,2416.787719049289,1.0230972646940775,423444932.55750287
PCA_full,600,Hierarchical,0.227762986328884,0.11702044708430259,0.7388014527845036,,,1.8879014733799302,2294.3010466811274,1.049834557561826,433108753.69145185
PCA_full,600,SphericalKMeans,0.3345695326463266,0.17842874214151733,0.7893462469733656,,,1.8902676859767809,2412.9659482472066,1.0243141821907227,424115732.8948946
PCA_randomized,600,Hierarchical,0.1960528860334589,0.09964269920778945,0.7215496368038741,,,1.8869684937115743,2137.6142114257864,1.067578915561237,445471295.6488844
PCA_randomized,600,SphericalKMeans,0.3345695326463266,0.17842874214151733,0.7893462469733656,,,1.8898975161391647,2414.0257943378047,1.0239852620459056,423929505.88051945
PCA_full,625,Hierarchical,0.14166855927215904,0.0719146830747508,0.6885593220338984,,,1.8889748717757051,2355.713108295574,1.0540240298630428,428676875.4462748
PCA_full,625,SphericalKMeans,0.3345695326463266,0.17842874214151733,0.7893462469733656,,,1.8885462263233812,2410.343916314125,1.0251637587040983,424577163.58935827
PCA_randomized,625,Hierarchical,0.4583228552036191,0.3145871866943632,0.8386803874092009,,,1.8882346813864395,2240.4672930122215,1.0272559056874162,437481130.5498425
PCA_randomized,625,SphericalKMeans,0.3345695326463266,0.17842874214151733,0.7893462469733656,,,1.8919162943419678,2411.38530460217,1.0248453001675668,424393722.47997695
PCA_full,650,Hierarchical,0.36348190177790435,0.26366518078752843,0.8017554479418886,,,1.888932680868887,2345.1899167282954,0.9915451779417439,429733848.3056983
PCA_full,650,SphericalKMeans,0.3345695326463266,0.17842874214151733,0.7893462469733656,,,1.8899198398411237,2407.840744049646,1.025980098928051,425018623.77821964
PCA_randomized,650,Hierarchical,0.5370160428523586,0.35721663622057886,0.8665254237288136,,,1.8879453023399329,2079.996872372899,1.0689977430339583,450799105.533974
PCA_randomized,650,SphericalKMeans,0.3345695326463266,0.17842874214151733,0.7893462469733656,,,1.8883697276840046,2408.852611455913,1.0256700175965774,424840131.7844236
PCA_full,675,Hierarchical,0.21976908851257762,0.11233760201016219,0.7345641646489104,,,1.889560936345923,2229.639436702114,1.0581850482480104,438963660.838347
PCA_full,675,SphericalKMeans,0.3345695326463266,0.17842874214151733,0.7893462469733656,,,1.8922401679383754,2405.4418254428515,1.0267647322745541,425442566.3610023
PCA_randomized,675,Hierarchical,0.18437251298576315,0.09328239350253842,0.7148910411622276,,,1.8894706057914838,2213.3864114769563,1.066786526307538,440151373.040643
PCA_randomized,675,SphericalKMeans,0.3345695326463266,0.17842874214151733,0.7893462469733656,,,1.8891233335071114,2406.4422029933066,1.026459208655168,425265740.7284138
PCA_full,700,Hierarchical,0.1859730129746364,0.09413674554449039,0.7157990314769975,,,1.8906301490146369,2168.7628051550614,1.06767710098163,444094076.8210213
PCA_full,700,SphericalKMeans,0.3345695326463266,0.17842874214151733,0.7893462469733656,,,1.886571716547465,2403.1425062129506,1.0275197385384287,425849723.26569164
PCA_randomized,700,Hierarchical,0.27950379032937706,0.1483538538723328,0.7645278450363197,,,1.8875148781315296,2444.8698323746057,1.0263827650033739,422656910.29278845
PCA_randomized,700,SphericalKMeans,0.3345695326463266,0.17842874214151733,0.7893462469733656,,,1.8880045161351795,2404.1323383191116,1.027211268039529,425674362.80697924
PCA_full,725,Hierarchical,0.17976637959254924,0.09093004440978453,0.7121670702179177,,,1.8884239588564995,2128.5670485188434,1.0732848094216016,447618980.48443633
PCA_full,725,SphericalKMeans,0.3345695326463266,0.17842874214151733,0.7893462469733656,,,1.8866777572516291,2400.938158982786,1.0282457104969596,426240793.42006356
PCA_randomized,725,Hierarchical,0.29056720416714527,0.15255047226589696,0.7696731234866828,,,1.8874392541451677,2347.63868921548,1.0395327310720304,430160144.2667843
PCA_randomized,725,SphericalKMeans,0.3345695326463266,0.17842874214151733,0.7893462469733656,,,1.889470084153313,2401.9201069320457,1.0279375888759041,426066520.57672125
PCA_full,750,Hierarchical,0.14884855765923802,0.0746651722978473,0.6930992736077481,,,1.8876639378327624,2044.342438033782,1.0948843818915364,454902738.4662836
PCA_full,750,SphericalKMeans,0.3345695326463266,0.17842874214151733,0.7893462469733656,,,1.8890560944216084,2398.8239945566575,1.0289396828970632,426616541.4266946
PCA_randomized,750,Hierarchical,0.13100781296867975,0.06534826626634438,0.6812953995157385,,,1.8870851888581832,2243.7375300103836,1.0769516310906389,438444970.3456574
PCA_randomized,750,SphericalKMeans,0.3345695326463266,0.17842874214151733,0.7893462469733656,,,1.8898712431389804,2399.7866179039534,1.0286417610329346,426445409.1030252
PCA_full,775,Hierarchical,0.2563753941262332,0.1328648565684556,0.7533292978208233,,,1.8864566394917084,2322.5745930972835,1.043932223719229,432612132.07608545
PCA_full,775,SphericalKMeans,0.3345695326463266,0.17842874214151733,0.7893462469733656,,,1.8873305815456618,2396.793952897269,1.0296088375429768,426977923.1978947
PCA_randomized,775,Hierarchical,0.20745016263112717,0.10564612434388276,0.7279055690072639,,,1.8882928347700378,2227.2494690454578,1.0589410732475728,439968687.45925575
PCA_randomized,775,SphericalKMeans,0.3345695326463266,0.17842874214151733,0.7893462469733656,,,1.8894907778984482,2397.7505372417354,1.0293099527926668,426807562.1267391
PCA_full,800,Hierarchical,0.24000163615623052,0.12527879556767477,0.7451573849878934,,,1.8898265720031482,2425.714221025265,1.032624821849765,425022589.75642216
PCA_full,800,SphericalKMeans,0.3345695326463266,0.17842874214151733,0.7893462469733656,,,1.8903977297809824,2394.843401603772,1.0302555950872514,427325759.19491005
PCA_randomized,800,Hierarchical,0.41266217955927276,0.2900862903481324,0.8214285714285714,,,1.8898343197383376,2301.0158112360277,1.0119155758353215,434384692.8130764
PCA_randomized,800,SphericalKMeans,0.3345695326463266,0.17842874214151733,0.7893462469733656,,,1.8852504204223735,2395.765608040334,1.0299647157350025,427161183.77282035
PCA_full,825,Hierarchical,0.19598355693245045,0.09964680616755109,0.7215496368038741,,,1.887719060636826,2270.349812103867,1.0579842297771094,437071473.5548867
PCA_full,825,SphericalKMeans,0.3345695326463266,0.17842874214151733,0.7893462469733656,,,1.8879073983036392,2392.9662432188684,1.030879082569121,427661032.4845313
PCA_randomized,825,Hierarchical,0.20194465712654183,0.10277416804622541,0.7248789346246973,,,1.8854048923162452,2253.7905543934908,1.058971955442776,438277682.32878506
PCA_randomized,825,SphericalKMeans,0.3345695326463266,0.17842874214151733,0.7893462469733656,,,1.8906932352956645,2393.8745993420343,1.0305928580540753,427498703.7047857
PCA_full,850,Hierarchical,0.2594279403780533,0.13511191951832205,0.7548426150121066,,,1.887313207096227,2365.8330879567925,1.0395703112667993,429896621.7981914
PCA_full,850,SphericalKMeans,0.3345695326463266,0.17842874214151733,0.7893462469733656,,,1.8873093551888935,2391.1597891240795,1.0314802302953177,427984175.3402666
PCA_randomized,850,Hierarchical,0.6353358888493098,0.41223071839415065,0.8986077481840193,,,1.8885965900829547,1887.3737449581515,1.1230814833809628,469430428.66745
PCA_randomized,850,SphericalKMeans,0.3345695326463266,0.17842874214151733,0.7893462469733656,,,1.8887511660131082,2392.0612431815084,1.0311941263688396,427822925.95261824
PCA_full,875,Hierarchical,0.25574302885011235,0.13289966186712934,0.7530266343825666,,,1.8876868516348786,2359.620798089788,1.0402166372714572,430550371.7820764
PCA_full,875,SphericalKMeans,0.3345695326463266,0.17842874214151733,0.7893462469733656,,,1.8874610614033784,2389.4178420514318,1.0320613979072015,428296253.6147361
PCA_randomized,875,Hierarchical,0.20852876603726161,0.10638877254773393,0.7285108958837773,,,1.8871864007390684,2272.157377606243,1.0558924894791861,437213522.0634172
PCA_randomized,875,SphericalKMeans,0.3345695326463266,0.17842874214151733,0.7893462469733656,,,1.8872898097262762,2390.2890593200596,1.0317851170276011,428140060.03590345
PCA_full,900,Hierarchical,0.13137312129157203,0.06611683268006702,0.6815980629539952,,,1.887333675455853,2291.610988326491,1.0704954751667608,435963141.69570583
PCA_full,900,SphericalKMeans,0.3338696445507159,0.17798536016688515,0.789043583535109,,,1.886992812111398,2386.6945405118836,1.0327487009936167,428676245.93445045
PCA_randomized,900,Hierarchical,0.4807779829103121,0.3266766321476886,0.8468523002421308,,,1.8876254917141324,2178.1975740412763,1.0453396873893612,444892210.0639849
PCA_randomized,900,SphericalKMeans,0.3345695326463266,0.17842874214151733,0.7893462469733656,,,1.8861680477135465,2388.5999067700104,1.0323501963299717,428442914.6744179
PCA_full,925,Hierarchical,0.2096427456912968,0.10694950046717996,0.7291162227602905,,,1.8877885458587613,2252.783023103161,1.0596161046274784,439183620.11257714
PCA_full,925,SphericalKMeans,0.3338696445507159,0.17798536016688515,0.789043583535109,,,1.8848505166317437,2385.0749932783147,1.0332925957354053,428967390.07481253
PCA_randomized,925,Hierarchical,0.2526651144429156,0.13169344608807404,0.7515133171912833,,,1.886714490162607,2386.2829903774436,1.0378628984809792,428788123.5781129
PCA_randomized,925,SphericalKMeans,0.3338696445507159,0.17798536016688515,0.789043583535109,,,1.8910266897677168,2385.9195317831122,1.0330205329424171,428815523.1796351
PCA_full,950,Hierarchical,0.24489130326589373,0.126002689014173,0.7475786924939467,,,1.8867690916621527,2216.3405863574812,1.0591913413005518,442252401.6537478
PCA_full,950,SphericalKMeans,0.3338696445507159,0.17798536016688515,0.789043583535109,,,1.884687020227247,2383.511034035081,1.0338191011443576,429248903.54629946
PCA_randomized,950,Hierarchical,0.19011626300306117,0.09653951325213428,0.7182203389830508,,,1.8857176180342528,2257.305985494929,1.0636824211581126,438903972.40407056
PCA_randomized,950,SphericalKMeans,0.3338696445507159,0.17798536016688515,0.789043583535109,,,1.8885481473787529,2384.348088100863,1.0335502262919005,429098156.32802165
PCA_full,975,Hierarchical,0.35329209091047215,0.25816724261192325,0.7975181598062954,,,1.890443010053982,2376.377662196413,0.9882953781379775,429946260.51988333
PCA_full,975,SphericalKMeans,0.3338696445507159,0.17798536016688515,0.789043583535109,,,1.8856478208445857,2382.002421654907,1.0343271648504833,429520795.48378694
PCA_randomized,975,Hierarchical,0.46740710562595983,0.319472998336649,0.8420096852300242,,,1.8875530843669601,2196.531765418733,1.0409587366734439,443920874.04321873
PCA_randomized,975,SphericalKMeans,0.3338696445507159,0.17798536016688515,0.789043583535109,,,1.887858250026234,2382.8158088904916,1.034064722869546,429374162.5615625
PCA_full,1000,Hierarchical,0.5063512994659769,0.3405078494000633,0.8559322033898306,,,1.8847937623184663,2122.003096348412,1.060856275358543,450269787.43659455
PCA_full,1000,SphericalKMeans,0.3338696445507159,0.17798536016688515,0.789043583535109,,,1.8848474514105646,2380.54672785456,1.0348174965772277,429783482.33843833
PCA_randomized,1000,Hierarchical,0.568573947827657,0.37459865712048646,0.8771186440677966,,,1.887992461934008,1993.3507223450279,1.0955179854740935,461119265.2658881
PCA_randomized,1000,SphericalKMeans,0.3338696445507159,0.17798536016688515,0.789043583535109,,,1.886481469824588,2381.345513775224,1.0345603641294834,429639237.7508201
SparseRandomProjection,5,Hierarchical,-0.0007639482671870613,0.0002666951169137399,0.5003026634382567,,,2.1161986652679765,294.2429125434525,2.4147326132369837,335065241.87270117
SparseRandomProjection,5,SphericalKMeans,0.001456408763843404,0.0005643465643989098,0.5214891041162227,,,2.1164316584715266,268.1185817289582,2.7047916559462317,337517080.66257185
SparseRandomProjection,6,Hierarchical,0.059564707004506084,0.07723136864346136,0.6237893462469734,,,2.094271682341553,169.8925148257427,2.4420883769037682,483811415.09889126
SparseRandomProjection,6,SphericalKMeans,0.29781766145191807,0.17630449802836903,0.7730024213075061,,,2.094290070631086,393.2456655830932,2.140605876614801,454568216.2119618
SparseRandomProjection,7,Hierarchical,9.760068617310099e-05,0.0001972094660988577,0.5099878934624698,,,2.2440685437866,320.7193912592626,2.6329868473313187,258541948.58688778
SparseRandomProjection,7,SphericalKMeans,0.001195684553912531,0.0016433448130974693,0.5205811138014528,,,2.2345415522592056,437.03662660781725,2.1118533814174465,250498998.57477784
SparseRandomProjection,8,Hierarchical,0.0009564133019737443,0.0004948309815528407,0.5178571428571429,,,2.1736353860971533,73.96301536688564,5.252864704466352,538552946.1920238
SparseRandomProjection,8,SphericalKMeans,0.12984501002118684,0.07145850127443665,0.6803874092009685,,,2.1733910441892483,261.8975743292327,2.7323695604091993,510153501.95728874
SparseRandomProjection,9,Hierarchical,0.8123351657627421,0.4956677853649411,0.9506658595641646,,,1.4560070452750864,2244.2928167201867,0.9056405274347564,2096734375.0590484
SparseRandomProjection,9,SphericalKMeans,0.7481700320797535,0.4525647023605596,0.9325060532687651,,,1.454877891845289,1739.2693494246023,0.9914980677133852,2306780692.8998184
SparseRandomProjection,10,Hierarchical,0.7492144415219995,0.4451151918925053,0.9328087167070218,,,1.4829530945073195,1922.6869095051193,0.9716345998734629,1987032212.4616547
SparseRandomProjection,10,SphericalKMeans,0.6756407997897337,0.40408463760850943,0.9110169491525424,,,1.484889340188282,1507.9649082821002,1.0600979475591588,2158356950.0346403
SparseRandomProjection,11,Hierarchical,0.8189002672274346,0.49987482454138116,0.9524818401937046,,,1.501684022780747,1929.0956471007962,0.9726756255020469,1951854427.379815
SparseRandomProjection,11,SphericalKMeans,0.736691312605248,0.44574661495912654,0.9291767554479419,,,1.5070192372877962,1560.9597033365237,1.0519300880010434,2099613778.7930963
SparseRandomProjection,12,Hierarchical,0.7767193029972508,0.4676475209557255,0.940677966101695,,,1.5032390245814256,1806.6111511386266,0.9988989647163071,1539702264.1652975
SparseRandomProjection,12,SphericalKMeans,0.726332867606045,0.44018481757013184,0.9261501210653753,,,1.4983312955970014,1539.6615586876153,1.060035609848299,1624595205.7583146
SparseRandomProjection,13,Hierarchical,0.4350598432721127,0.2862129487374594,0.8299031476997578,,,1.4863398772737852,775.1935779818199,1.3839661755010622,2090883552.3022976
SparseRandomProjection,13,SphericalKMeans,0.6706712305278655,0.40382165190842767,0.909503631961259,,,1.487135072311311,1319.31516738033,1.141056635813032,1844699329.7337148
SparseRandomProjection,14,Hierarchical,0.8387448887146283,0.5173218815060185,0.9579297820823245,,,1.7056042596365764,2096.4182096317772,0.9482280488357254,1316690046.870841
SparseRandomProjection,14,SphericalKMeans,0.6987308117977648,0.4235518983414331,0.9179782082324455,,,1.7074535194123648,1488.5662714525654,1.0774267925050234,1483758520.95523
SparseRandomProjection,15,Hierarchical,0.8332050195418119,0.5163305310673392,0.9564164648910412,,,1.8410454638184497,1787.9737853150857,1.0414643066157165,1654175234.4520473
SparseRandomProjection,15,SphericalKMeans,0.8332118071910879,0.5127628849425965,0.9564164648910412,,,1.8466447366967387,1675.3164998786672,1.0584245361856894,1691616070.60423
SparseRandomProjection,16,Hierarchical,0.8633216679680668,0.542909725974618,0.964588377723971,,,1.8865788542342408,1958.7788303935913,1.0028959615940591,1476436446.6255496
SparseRandomProjection,16,SphericalKMeans,0.8354243800737703,0.5148998806461437,0.9570217917675545,,,1.8853715651169125,1726.5589907138171,1.0496989837756856,1544618571.08027
SparseRandomProjection,17,Hierarchical,0.7885007409950706,0.4752091656186761,0.9440072639225182,,,1.9008922712612097,1464.6200655051725,1.152353184955294,1693331991.6948528
SparseRandomProjection,17,SphericalKMeans,0.779925112580082,0.47102135409784285,0.9415859564164649,,,1.899617452960939,1351.1636059176683,1.1821734216808246,1734619912.979122
SparseRandomProjection,18,Hierarchical,0.7917124999627292,0.498455476897929,0.9449152542372882,,,1.9013155374580037,1425.6492210804527,1.1892701044638783,1706707215.2539613
SparseRandomProjection,18,SphericalKMeans,0.8321054629075265,0.5109160834473705,0.9561138014527845,,,1.8994376273271634,1309.0906511521664,1.21405049435708,1749849145.7312083
SparseRandomProjection,19,Hierarchical,0.8588294541635126,0.5341460787442082,0.9633777239709443,,,1.9092855235798964,1455.8149954778514,1.1656116206050862,1474419079.7693095
SparseRandomProjection,19,SphericalKMeans,0.828795121444499,0.5083885541583969,0.9552058111380145,,,1.905642154356869,1392.9627109010544,1.1854823750669121,1494157385.1177113
SparseRandomProjection,20,Hierarchical,0.7971276338140442,0.4821146768658501,0.9464285714285714,,,1.9349957458888198,1453.0970739276581,1.1599936581295107,1362196190.2223675
SparseRandomProjection,20,SphericalKMeans,0.8134314813621947,0.4956973766411133,0.9509685230024213,,,1.9291149895480224,1506.255220337974,1.1366951536200716,1347136294.0227804
SparseRandomProjection,21,Hierarchical,0.8633236776639822,0.5391736179166102,0.964588377723971,,,1.7810851554838152,1609.56629377457,1.1174368450032441,1154539331.3886683
SparseRandomProjection,21,SphericalKMeans,0.8420789450084853,0.5202172854156554,0.9588377723970944,,,1.779384509210356,1465.2455656608904,1.1577554068265679,1189491161.464741
SparseRandomProjection,22,Hierarchical,0.8565859973607806,0.532308136839359,0.962772397094431,,,1.8184479748738056,2024.2256497457715,0.9920321476324787,894426360.2725308
SparseRandomProjection,22,SphericalKMeans,0.814526023109723,0.49986061916936375,0.951271186440678,,,1.8173823315293518,1755.5041296982195,1.0480128373145814,941950120.0044631
SparseRandomProjection,23,Hierarchical,0.8644490253082288,0.5406351002690042,0.9648910411622276,,,2.0297210044922878,1407.05242422699,1.182173041050643,1359803746.919464
SparseRandomProjection,23,SphericalKMeans,0.8409666687839217,0.5184047892908114,0.9585351089588378,,,2.024753772609454,1306.0834991321585,1.2197506124351707,1389598763.1539218
SparseRandomProjection,24,Hierarchical,0.8700890526833841,0.5447394853049012,0.9664043583535109,,,1.8772857269909409,1882.5839050298648,1.044345226299278,882616752.0147309
SparseRandomProjection,24,SphericalKMeans,0.8354249002148638,0.5160457735535758,0.9570217917675545,,,1.8761656468128756,1664.116192334156,1.0942651832955106,921444531.2151494
SparseRandomProjection,25,Hierarchical,0.9066143171369998,0.5792868443621191,0.976089588377724,,,2.0417229181902528,1886.460444042621,1.0272417594426566,1083360000.271721
SparseRandomProjection,25,SphericalKMeans,0.8543481724242382,0.5312168028429861,0.9621670702179177,,,2.038778475527881,1691.5906404165685,1.0727158702297648,1125637024.1031454
SparseRandomProjection,50,Hierarchical,0.9427135936747213,0.621522354199221,0.9854721549636803,,,2.0890439648353016,1454.513903066764,1.2184234476968088,747623069.9403938
SparseRandomProjection,50,SphericalKMeans,0.9286562173194582,0.6024909208590886,0.9818401937046005,,,2.0873253282975384,1425.0539157211588,1.228555373062843,752282413.06878
SparseRandomProjection,75,Hierarchical,0.9843183859799218,0.6657164857228749,0.9960653753026635,,,2.137495354872584,1194.042362907468,1.356709273459938,704230498.007448
SparseRandomProjection,75,SphericalKMeans,0.9521441619671849,0.6315512157918602,0.9878934624697336,,,2.1355292723453196,1233.104424763916,1.339672141995032,698164773.2307143
SparseRandomProjection,100,Hierarchical,0.9903351177659743,0.6746125579971196,0.9975786924939467,,,2.2240489693453362,891.340137817473,1.589571281021343,672443335.4535171
SparseRandomProjection,100,SphericalKMeans,0.9497821596672196,0.6283049180918975,0.9872881355932204,,,2.224766734533496,905.9832947260397,1.5796694919141314,670103332.5154097
SparseRandomProjection,125,Hierarchical,0.9415380070338828,0.6214021217175003,0.9851694915254238,,,2.282095743859621,1372.7053838795696,1.266106023519222,728360860.9237694
SparseRandomProjection,125,SphericalKMeans,0.9497821596672196,0.6283049180918975,0.9872881355932204,,,2.2840434379094496,1361.067700148193,1.2699089178704452,730178641.3822162
SparseRandomProjection,150,Hierarchical,0.9915406651541786,0.6763090745247509,0.9978813559322034,,,2.263893825358636,1572.7270674035565,1.1843673849101326,710481211.3220934
SparseRandomProjection,150,SphericalKMeans,0.9497821596672196,0.6283049180918975,0.9872881355932204,,,2.268830238254072,1585.595228727838,1.1825526661771355,708610641.7644044
SparseRandomProjection,175,Hierarchical,0.938015736345001,0.6195630792750491,0.9842615012106537,,,2.3264548930822713,1356.9782715925803,1.2771884579089756,725849916.4499683
SparseRandomProjection,175,SphericalKMeans,0.9486022356262432,0.6271570193889242,0.9869854721549637,,,2.3342223239120408,1332.7237647274253,1.286591592700366,729648445.2674984
SparseRandomProjection,200,Hierarchical,0.9415380608684932,0.6204152645422756,0.9851694915254238,,,2.3340094922288763,1346.7927619188188,1.2839632556838891,673371373.1588665
SparseRandomProjection,200,SphericalKMeans,0.9497822885501985,0.6262746674435817,0.9872881355932204,,,2.336282604894098,1305.561232638168,1.3008869732935566,679397149.0709654
SparseRandomProjection,225,Hierarchical,0.9497820707614458,0.6306155015706398,0.9872881355932204,,,2.330769169456687,1279.9126382383652,1.317028949964221,668294071.3391798
SparseRandomProjection,225,SphericalKMeans,0.9616216250152059,0.6410885861405972,0.9903147699757869,,,2.330018981829678,1271.2061575119426,1.319757489726538,669566371.1768197
SparseRandomProjection,250,Hierarchical,0.9951617007660505,0.6817479965284504,0.9987893462469734,,,2.3690168948265473,1200.0565659931744,1.367457917384601,592606588.9980056
SparseRandomProjection,250,SphericalKMeans,0.95687703789149,0.6362519172179454,0.9891041162227603,,,2.3696144788668114,1222.770083706513,1.358693905002117,589631812.3779255
SparseRandomProjection,275,Hierarchical,0.9927469398647261,0.6788316261754042,0.9981840193704601,,,2.333593901463388,1125.1312086256057,1.4186878531105027,622536063.1292318
SparseRandomProjection,275,SphericalKMeans,0.9663779239559633,0.6460792030917462,0.9915254237288136,,,2.3347591957004212,1125.5005582626347,1.4191531101165928,622484130.1106067
SparseRandomProjection,300,Hierarchical,0.939189076601247,0.6206408323854462,0.9845641646489104,,,2.3994080463758394,1157.6925238110207,1.4098821597095337,538126098.7958814
SparseRandomProjection,300,SphericalKMeans,0.9592478675148979,0.6386522345350327,0.9897094430992736,,,2.3992734477037025,1156.4438969063904,1.4083033851422788,538276805.8005178
SparseRandomProjection,325,Hierarchical,1.0,0.6909688766934788,1.0,,,2.3822026107203236,1212.9860738497391,1.3707770861745712,536073964.9268639
SparseRandomProjection,325,SphericalKMeans,0.9747296305316782,0.6552580079822076,0.9936440677966102,,,2.3855870982185152,1233.046671335456,1.3621863805995982,533702663.1934237
SparseRandomProjection,350,Hierarchical,0.9939539525853883,0.6805790196984822,0.9984866828087167,,,2.3709997542636216,1090.5243154145217,1.4489066374173734,553549666.0271564
SparseRandomProjection,350,SphericalKMeans,0.9735343129434552,0.6550869349216031,0.9933414043583535,,,2.370562428515843,1099.479835290552,1.4443052722746066,552423380.0456259
SparseRandomProjection,375,Hierarchical,0.9927469398647261,0.6788316261754042,0.9981840193704601,,,2.3492788029071185,1162.6387380270548,1.404080682566844,540858623.8639745
SparseRandomProjection,375,SphericalKMeans,0.9843183750799201,0.6661085097092847,0.9960653753026635,,,2.353101033327853,1163.554199926875,1.4037117571847966,540747745.0253868
SparseRandomProjection,400,Hierarchical,0.9915406593747661,0.6771347414428346,0.9978813559322034,,,2.3708301290438065,1196.2907576850155,1.374028370533577,589979624.3197789
SparseRandomProjection,400,SphericalKMeans,0.9675688027247261,0.6485940154926644,0.9918280871670703,,,2.3708523748759305,1207.5705616303474,1.368946179365754,588503906.3100218
SparseRandomProjection,425,Hierarchical,0.9903351111055123,0.6754810714351851,0.9975786924939467,,,2.3577069967445574,1195.1313304909127,1.3810854871930323,561744225.6677094
SparseRandomProjection,425,SphericalKMeans,0.9747296111650878,0.6564240442913015,0.9936440677966102,,,2.3582194469508053,1197.422541591459,1.3806987485308948,561458172.3811774
SparseRandomProjection,450,Hierarchical,0.9915406593747661,0.6771347414428346,0.9978813559322034,,,2.351299158822293,1263.3443901148178,1.3350188320629077,607829610.9314632
SparseRandomProjection,450,SphericalKMeans,0.9771224038645648,0.6591417288777004,0.9942493946731235,,,2.3522714079045954,1270.4862168380182,1.3323325235909371,606880233.8196162
SparseRandomProjection,475,Hierarchical,0.989130295046982,0.6738651624085836,0.9972760290556901,,,2.347409455073059,1270.3081331001076,1.3358996867292228,587931987.6591017
SparseRandomProjection,475,SphericalKMeans,0.9723397467941548,0.6537634179726882,0.9930387409200968,,,2.34811351941568,1273.98405841711,1.3351869016450815,587459697.0980942
SparseRandomProjection,500,Hierarchical,0.9927469398647261,0.6788316261754042,0.9981840193704601,,,2.4011492397732326,1210.0785203482812,1.370239340649137,568642805.3158275
SparseRandomProjection,500,SphericalKMeans,0.9687604406824399,0.64986867889096,0.9921307506053268,,,2.3992061943699845,1232.9083052931803,1.3606431050486876,565780124.9523301
SparseRandomProjection,525,Hierarchical,0.9927469398647261,0.6788316261754042,0.9981840193704601,,,2.392691257350716,1272.8194590104065,1.335290429526765,567189824.2964244
SparseRandomProjection,525,SphericalKMeans,0.9783199145907179,0.6594040705071932,0.9945520581113801,,,2.3911445396159507,1283.2257040539105,1.3314103072601478,565902577.6746075
SparseRandomProjection,550,Hierarchical,0.9903351111055123,0.6754810714351851,0.9975786924939467,,,2.4193153072619182,1218.842410311514,1.3672906685665713,559173005.4243735
SparseRandomProjection,550,SphericalKMeans,0.9783199305617651,0.6587206089042077,0.9945520581113801,,,2.4185312829169234,1214.9834781615048,1.3697504884225256,559650715.9802083
SparseRandomProjection,575,Hierarchical,0.9963701771525003,0.6837347692545631,0.99909200968523,,,2.3776610072854147,1259.065579673992,1.3394182634138567,584591216.6404831
SparseRandomProjection,575,SphericalKMeans,0.9819167745635963,0.6647741106068553,0.9954600484261501,,,2.3785430115033677,1285.671050959952,1.3283650136590746,581200972.5153949
SparseRandomProjection,600,Hierarchical,0.9879262196531999,0.6713437154669865,0.9969733656174334,,,2.378730465035762,1243.741449773036,1.3518652068374994,574087709.3457637
SparseRandomProjection,600,SphericalKMeans,0.9783198983620489,0.6605238229242378,0.9945520581113801,,,2.3784680090728934,1245.469392462524,1.3514040767022713,573869568.0951302
SparseRandomProjection,625,Hierarchical,0.9975793858135991,0.6858797384176255,0.9993946731234867,,,2.379394091353184,1180.4199304938986,1.3805794404872471,588140042.3491437
SparseRandomProjection,625,SphericalKMeans,0.9879262111892054,0.672282781196614,0.9969733656174334,,,2.3789513069459254,1205.5580558357894,1.3686333438914677,584860053.9563115
SparseRandomProjection,650,Hierarchical,0.9987893267594076,0.6884441164554485,0.9996973365617433,,,2.385549811145527,1174.3352919192034,1.3858256009608738,591617267.0390702
SparseRandomProjection,650,SphericalKMeans,0.9855202503587848,0.6682098357655069,0.9963680387409201,,,2.3849329201203453,1200.6449190577234,1.3732238799028988,588160358.9363177
SparseRandomProjection,675,Hierarchical,0.9975793858135991,0.6858797384176255,0.9993946731234867,,,2.3907698500479597,1241.464006493769,1.3490113445384817,580093438.6926548
SparseRandomProjection,675,SphericalKMeans,0.9903351177659743,0.6746125579971196,0.9975786924939467,,,2.390578140302356,1260.5913660393255,1.340477926328581,577661562.8392789
SparseRandomProjection,700,Hierarchical,0.989130295046982,0.6738651624085836,0.9972760290556901,,,2.3880122898825995,1236.893124637944,1.3565532024625755,561811557.6943437
SparseRandomProjection,700,SphericalKMeans,0.9879262196531999,0.6713437154669865,0.9969733656174334,,,2.3896654290413473,1229.0486683285667,1.3602178065149468,562784203.6624265
SparseRandomProjection,725,Hierarchical,0.9927469635638364,0.678215800339219,0.9981840193704601,,,2.4183017213978886,1167.627129320006,1.3928758888129458,565784206.5127016
SparseRandomProjection,725,SphericalKMeans,0.9927469398647261,0.6788316261754042,0.9981840193704601,,,2.417546037532663,1183.929789699444,1.3850194997905836,563728046.8759626
SparseRandomProjection,750,Hierarchical,0.9951617039278479,0.681630129624994,0.9987893462469734,,,2.417611792007463,1209.1087956908718,1.3761187170659925,550587006.4682206
SparseRandomProjection,750,SphericalKMeans,0.9855202503587848,0.6682098357655069,0.9963680387409201,,,2.4169233864256725,1234.5243217158218,1.3643408489474496,547502385.4236673
SparseRandomProjection,775,Hierarchical,0.9963701771525003,0.6837347692545631,0.99909200968523,,,2.4049304261458957,1188.7358095752973,1.3816964825606703,568308205.9731828
SparseRandomProjection,775,SphericalKMeans,0.9879262111892054,0.672282781196614,0.9969733656174334,,,2.403524258578642,1211.9158089496204,1.3706175296981358,565389812.1846315
SparseRandomProjection,800,Hierarchical,0.9951617039278479,0.681630129624994,0.9987893462469734,,,2.4209662933907126,1163.3085804160053,1.4006302513072044,549402525.9968257
SparseRandomProjection,800,SphericalKMeans,0.9939539525853883,0.6805790196984822,0.9984866828087167,,,2.4201822122606735,1180.1151531517896,1.392208901626713,547342433.1168163
SparseRandomProjection,825,Hierarchical,0.9951617007660505,0.6817479965284504,0.9987893462469734,,,2.4231064568459217,1134.8841347602988,1.4211983879367232,544096384.0221199
SparseRandomProjection,825,SphericalKMeans,0.9915406651541786,0.6763090745247509,0.9978813559322034,,,2.423052259673984,1144.4981369942932,1.4162108157771165,542919965.2560854
SparseRandomProjection,850,Hierarchical,0.9903351177659743,0.6746125579971196,0.9975786924939467,,,2.4036650344101673,1237.798060066251,1.351153491899522,594909833.09419
SparseRandomProjection,850,SphericalKMeans,0.989130295046982,0.6738651624085836,0.9972760290556901,,,2.4023678102265684,1241.4142673319077,1.3493674444047625,594436330.759984
SparseRandomProjection,875,Hierarchical,0.9903351111055123,0.6754810714351851,0.9975786924939467,,,2.3979549159784064,1208.6603094784937,1.3659031032652382,626199141.3372934
SparseRandomProjection,875,SphericalKMeans,0.9843183527208949,0.6677059205125713,0.9960653753026635,,,2.398440025891759,1207.5983350049873,1.3666514098244948,626346606.2452586
SparseRandomProjection,900,Hierarchical,0.9987893259754326,0.6884041306328388,0.9996973365617433,,,2.3850635494453307,1242.1630681538848,1.3460689013962877,611221876.8673058
SparseRandomProjection,900,SphericalKMeans,0.9783198983620489,0.6605238229242378,0.9945520581113801,,,2.384705726552472,1273.0313973128882,1.332734852396877,607097883.7302523
SparseRandomProjection,925,Hierarchical,0.9951616975467616,0.682387184675574,0.9987893462469734,,,2.3975899138531,1227.613499015466,1.355421680836876,606646882.0274855
SparseRandomProjection,925,SphericalKMeans,0.9879262111892054,0.672282781196614,0.9969733656174334,,,2.398285794724057,1239.271661818188,1.3504126848090472,605089523.5074254
SparseRandomProjection,950,Hierarchical,0.9891303026023089,0.6729592562257314,0.9972760290556901,,,2.4080287365010804,1285.584742129361,1.3291105973537538,581758665.1230562
SparseRandomProjection,950,SphericalKMeans,0.9807170837017056,0.6633389611325946,0.9951573849878934,,,2.4088991968441817,1287.861393351691,1.328509800893781,581470102.6889112
SparseRandomProjection,975,Hierarchical,0.9963701747588679,0.6842716526087639,0.99909200968523,,,2.3922453402290422,1326.8396736972927,1.2993922096367194,605072443.4615921
SparseRandomProjection,975,SphericalKMeans,0.9879262196531999,0.6713437154669865,0.9969733656174334,,,2.393367390900327,1345.9711964166802,1.2916453909186754,602581903.6734185
SparseRandomProjection,1000,Hierarchical,0.989130295046982,0.6738651624085836,0.9972760290556901,,,2.3964482188152623,1240.5617475418403,1.3487359952415374,602574213.139111
SparseRandomProjection,1000,SphericalKMeans,0.9831172098031268,0.6651859469639081,0.9957627118644068,,,2.3973200769292333,1238.0255135256034,1.3501154074036184,602910834.4228721
GaussianRandomProjection,5,Hierarchical,0.8068938156359756,0.5023828421535201,0.9491525423728814,,,2.0748988032303295,864.7779555476254,1.6182874887850447,460395760.0410172
GaussianRandomProjection,5,SphericalKMeans,0.8859775097932936,0.5584711979283535,0.9706416464891041,,,2.06637915179882,965.5847526207413,1.5477641243803824,449520516.86575866
GaussianRandomProjection,6,Hierarchical,0.9380174884143456,0.612526797422007,0.9842615012106537,,,2.074943377361805,1267.2486620041254,1.3660595719361672,407424263.9582245
GaussianRandomProjection,6,SphericalKMeans,0.9309922147999097,0.6032630125288897,0.9824455205811138,,,2.0698328146178824,1324.5346913861758,1.3407909557898088,402379512.3432574
GaussianRandomProjection,7,Hierarchical,0.9391905213095221,0.6118649470515591,0.9845641646489104,,,2.110109560217481,1472.3851987058677,1.2754288042172428,389431732.95764863
GaussianRandomProjection,7,SphericalKMeans,0.9427142130791896,0.6157496367310863,0.9854721549636803,,,2.1108641174475444,1516.1522386421598,1.2596373286934852,385894220.366801
GaussianRandomProjection,8,Hierarchical,0.936844100411661,0.609266811415691,0.9839588377723971,,,2.180693370660684,1406.4948306279102,1.3086303060424043,371224662.4578624
GaussianRandomProjection,8,SphericalKMeans,0.9415386974986585,0.6145502749376246,0.9851694915254238,,,2.1807054445521388,1404.7568249377707,1.308389348723224,371361739.9827206
GaussianRandomProjection,9,Hierarchical,0.8974116398786168,0.5731067880043776,0.9736682808716707,,,2.25731185920214,1303.8456134176395,1.3737808655842259,356497275.762704
GaussianRandomProjection,9,SphericalKMeans,0.9333307411005904,0.6057481859293409,0.9830508474576272,,,2.2583216696272217,1320.1400310325673,1.3643214616596175,355240516.89108586
GaussianRandomProjection,10,Hierarchical,0.9580626946404464,0.6326272687717793,0.989406779661017,,,2.298953334150916,1257.9856081586604,1.4022220071746303,338051540.64354134
GaussianRandomProjection,10,SphericalKMeans,0.9309922147999097,0.6032630125288897,0.9824455205811138,,,2.300826292229921,1294.8666719840044,1.3852884576755489,335339323.5321085
GaussianRandomProjection,11,Hierarchical,0.9592483778662788,0.6337159493621083,0.9897094430992736,,,2.2908426905012043,1199.51647728417,1.4458236365302664,322247067.33656156
GaussianRandomProjection,11,SphericalKMeans,0.9298239696602958,0.6022998104677532,0.9821428571428571,,,2.2917597267659993,1235.8113766687813,1.427316556774408,319669629.90800273
GaussianRandomProjection,12,Hierarchical,0.9675691318030943,0.6435909094167385,0.9918280871670703,,,2.307547926223119,1187.3012002098474,1.447403791575949,332064796.967528
GaussianRandomProjection,12,SphericalKMeans,0.9333307411005904,0.6057481859293409,0.9830508474576272,,,2.3164276399352524,1209.1061465262705,1.4364335412951785,330459723.87984943
GaussianRandomProjection,13,Hierarchical,0.9228298615603083,0.5970672861419479,0.9803268765133172,,,2.3228183990282822,1265.1740248959818,1.3955506433248477,354828029.0942399
GaussianRandomProjection,13,SphericalKMeans,0.933330841703464,0.6054429305743434,0.9830508474576272,,,2.3265886088149372,1261.9602787173249,1.3959410668363186,355077883.8591683
GaussianRandomProjection,14,Hierarchical,0.9687606292420642,0.6454082444921798,0.9921307506053268,,,2.306226547976781,1445.4065383689244,1.3077377195001403,343512536.89203435
GaussianRandomProjection,14,SphericalKMeans,0.9592481846702482,0.6340567600738317,0.9897094430992736,,,2.3080317215944746,1464.9847631903567,1.2998250018137447,342101715.16502047
GaussianRandomProjection,15,Hierarchical,0.9867229134744232,0.6686923611739202,0.9966707021791767,,,2.328242552676354,1507.7461487270493,1.2771930059904621,345522475.55043936
GaussianRandomProjection,15,SphericalKMeans,0.9831172790088387,0.6635980318407104,0.9957627118644068,,,2.3298692964123546,1512.7688362957422,1.275378360858791,345162032.1934149
GaussianRandomProjection,16,Hierarchical,0.9879262822003173,0.6716627292848715,0.9969733656174334,,,2.319564582613868,1515.3657753351642,1.277484161817173,333642465.1018392
GaussianRandomProjection,16,SphericalKMeans,0.9831172567427151,0.6636915560547263,0.9957627118644068,,,2.323165438548653,1539.6143324628886,1.2695693383118007,331971462.8658678
GaussianRandomProjection,17,Hierarchical,0.9915406818893027,0.6758541745819641,0.9978813559322034,,,2.3301956008185236,1523.7580222737122,1.2804740497682814,320801688.43219817
GaussianRandomProjection,17,SphericalKMeans,0.9831172679760821,0.6636010392207775,0.9957627118644068,,,2.3262538859751807,1532.2023922023948,1.2777130810862047,320241313.02564985
GaussianRandomProjection,18,Hierarchical,0.9879262748840595,0.67109608428416,0.9969733656174334,,,2.368522082193376,1447.4110801607567,1.301681524741293,337863331.3325179
GaussianRandomProjection,18,SphericalKMeans,0.9831172679760821,0.6636010392207775,0.9957627118644068,,,2.366489737975485,1468.344139850388,1.294366532897247,336380731.11031604
GaussianRandomProjection,19,Hierarchical,0.9927469589963835,0.6778398432393513,0.9981840193704601,,,2.360574356676427,1524.6373413970202,1.269798773871405,336127137.67078316
GaussianRandomProjection,19,SphericalKMeans,0.9879262441843714,0.6704185653217034,0.9969733656174334,,,2.3580871808756,1538.021858910657,1.265417821792169,335197617.16610193
GaussianRandomProjection,20,Hierarchical,0.9927469543427464,0.6776976254696824,0.9981840193704601,,,2.35199805907698,1560.2228354656847,1.2563091502696915,337016472.6495637
GaussianRandomProjection,20,SphericalKMeans,0.986722896121425,0.6687231532237323,0.9966707021791767,,,2.3517962811597855,1566.392209662623,1.2544399133454265,336589395.1585225
GaussianRandomProjection,21,Hierarchical,0.9915406818893027,0.6758541745819641,0.9978813559322034,,,2.353302255543376,1490.216473753319,1.2844367358381201,339088420.35780895
GaussianRandomProjection,21,SphericalKMeans,0.986722896121425,0.6687231532237323,0.9966707021791767,,,2.3558375847930826,1498.9207111909025,1.2814743583158426,338473641.1725894
GaussianRandomProjection,22,Hierarchical,0.9939539721610293,0.6807787065769031,0.9984866828087167,,,2.2604699982569123,1252.8279801405054,1.3624601381598909,454783698.54615325
GaussianRandomProjection,22,SphericalKMeans,0.9855202802944901,0.6670709559743049,0.9963680387409201,,,2.260533219409325,1269.3753213973744,1.3554774955092814,453137484.76390713
GaussianRandomProjection,23,Hierarchical,0.9939539721610293,0.6807787065769031,0.9984866828087167,,,2.3058253188049314,1245.6676737543548,1.351742770558764,516803995.4411365
GaussianRandomProjection,23,SphericalKMeans,0.986722896121425,0.6687231532237323,0.9966707021791767,,,2.3065325180649907,1259.7611457402036,1.345965071891898,515207339.58844554
GaussianRandomProjection,24,Hierarchical,0.9903351493456256,0.6743655102067851,0.9975786924939467,,,2.320941585321286,1215.227184964411,1.369818889105324,514378802.6307315
GaussianRandomProjection,24,SphericalKMeans,0.986722896121425,0.6687231532237323,0.9966707021791767,,,2.3239890251969193,1229.037116342829,1.3639546271281635,512811052.0728688
GaussianRandomProjection,25,Hierarchical,0.9939539721610293,0.6807787065769031,0.9984866828087167,,,2.3120293723321694,1223.2630043577624,1.3697473009992522,499847327.7874503
GaussianRandomProjection,25,SphericalKMeans,0.9855202899289437,0.6669574531920389,0.9963680387409201,,,2.3119388867884894,1236.8981041044935,1.363831707644832,498345758.90086174
GaussianRandomProjection,50,Hierarchical,0.9927469543427464,0.6776976254696824,0.9981840193704601,,,2.4215373458928795,1087.9475003827301,1.4651304487899788,483952791.0540321
GaussianRandomProjection,50,SphericalKMeans,0.9795181551478598,0.6601550214184193,0.9948547215496368,,,2.422825759956286,1091.4350033269332,1.4636515230808038,483568629.9631367
GaussianRandomProjection,75,Hierarchical,0.9951617007660505,0.6817479965284504,0.9987893462469734,,,2.408193619217446,1080.017876366082,1.480720993856541,451867954.95391905
GaussianRandomProjection,75,SphericalKMeans,0.9723397683209466,0.6525702784635782,0.9930387409200968,,,2.408240141788127,1086.400871195389,1.4778774791090084,451210706.24199474
GaussianRandomProjection,100,Hierarchical,0.9975793858135991,0.6858797384176256,0.9993946731234867,,,2.413946793391876,1033.6248394618244,1.5181086722126058,435857173.29462874
GaussianRandomProjection,100,SphericalKMeans,0.9783199145907179,0.6594040705071933,0.9945520581113801,,,2.4150492175876472,1038.8742217162073,1.5151719004198732,435330094.9242184
GaussianRandomProjection,125,Hierarchical,0.9975793842317422,0.6862587934172961,0.9993946731234867,,,2.432302098150995,1021.6864662534038,1.521055387310669,453698387.8298503
GaussianRandomProjection,125,SphericalKMeans,0.9747296305316782,0.6552580079822075,0.9936440677966102,,,2.4330082379799265,1033.0242975765702,1.5146816853575609,452511784.14790934
GaussianRandomProjection,150,Hierarchical,0.9987893259754326,0.6884041306328388,0.9996973365617433,,,2.4382785829991427,1068.5943068912431,1.4829013474056643,468120088.9326384
GaussianRandomProjection,150,SphericalKMeans,0.9855202503587848,0.6682098357655069,0.9963680387409201,,,2.438596486970731,1079.6851876426383,1.4767752116438255,466935187.721952
GaussianRandomProjection,175,Hierarchical,0.9963701747588679,0.6842716526087639,0.99909200968523,,,2.4310324602292575,1123.7071409271778,1.4420022433011532,487391298.14744586
GaussianRandomProjection,175,SphericalKMeans,0.9867228689086774,0.6697617025547478,0.9966707021791767,,,2.4306583913181647,1135.4361215104393,1.4356649616878885,486103031.0229434
GaussianRandomProjection,200,Hierarchical,0.9951616975467616,0.682387184675574,0.9987893462469734,,,2.4180283254998756,1115.5565705095369,1.4448114032446058,501837116.066271
GaussianRandomProjection,200,SphericalKMeans,0.9807170979068327,0.6622548739514431,0.9951573849878934,,,2.4180902972252767,1133.3365454280968,1.4353410160836308,499825396.94519156
GaussianRandomProjection,225,Hierarchical,0.9975793842317422,0.6862587934172961,0.9993946731234867,,,2.421366924110302,1102.8066725996941,1.4530189641729419,501536121.3558477
GaussianRandomProjection,225,SphericalKMeans,0.9831172098031268,0.6651859469639081,0.9957627118644068,,,2.4211693687727376,1120.4208654031236,1.443411982161592,499538538.08453226
GaussianRandomProjection,250,Hierarchical,0.9963701747588679,0.6842716526087639,0.99909200968523,,,2.421573053178374,1104.2923256721417,1.4524483805133652,502265120.818437
GaussianRandomProjection,250,SphericalKMeans,0.9831172098031268,0.6651859469639081,0.9957627118644068,,,2.423207267174835,1120.795487801385,1.4435347704956014,500390975.21446496
GaussianRandomProjection,275,Hierarchical,0.9951617007660505,0.6817479965284504,0.9987893462469734,,,2.436846365549677,1099.6358943141622,1.4520588314559446,511020501.2315323
GaussianRandomProjection,275,SphericalKMeans,0.9879262196531999,0.6713437154669865,0.9969733656174334,,,2.438054128329245,1107.6093842238445,1.4477743724236654,510096469.99538946
GaussianRandomProjection,300,Hierarchical,0.9951617007660505,0.6817479965284504,0.9987893462469734,,,2.4372939532628095,1098.1379448249477,1.452141956714405,514321910.63693756
GaussianRandomProjection,300,SphericalKMeans,0.9879262196531999,0.6713437154669865,0.9969733656174334,,,2.4372097346613906,1109.0145077723341,1.4460546441115305,513053709.2682036
GaussianRandomProjection,325,Hierarchical,0.9963701771525003,0.6837347692545631,0.99909200968523,,,2.4400130974840977,1141.1804951340596,1.4230746481572447,516145931.20733124
GaussianRandomProjection,325,SphericalKMeans,0.9891303026023089,0.6729592562257314,0.9972760290556901,,,2.4406124046692987,1150.9798429027992,1.4181046764122713,515010086.52404964
GaussianRandomProjection,350,Hierarchical,0.9975793842317422,0.6862587934172961,0.9993946731234867,,,2.4481540598397835,1156.6554140674566,1.4114850348100991,520731177.2920139
GaussianRandomProjection,350,SphericalKMeans,0.9855202503587848,0.6682098357655069,0.9963680387409201,,,2.448096075772014,1178.2459605249921,1.4005413653725232,518221745.71743715
GaussianRandomProjection,375,Hierarchical,0.9963701747588679,0.6842716526087639,0.99909200968523,,,2.448253266171367,1154.2884302016519,1.4130293858446834,518770100.2184622
GaussianRandomProjection,375,SphericalKMeans,0.9879262196531999,0.6713437154669865,0.9969733656174334,,,2.4494624929311044,1169.6723172567847,1.4051330011346193,516985376.2800506
GaussianRandomProjection,400,Hierarchical,0.9939539566442014,0.6798638967078979,0.9984866828087167,,,2.450288452196556,1174.3317195393572,1.3992782372422001,523506550.5879745
GaussianRandomProjection,400,SphericalKMeans,0.9903351177659743,0.6746125579971196,0.9975786924939467,,,2.4499791807451032,1184.5129272680829,1.394169215886858,522318561.38003296
GaussianRandomProjection,425,Hierarchical,0.9939539606311717,0.6796437249513618,0.9984866828087167,,,2.4466667965651254,1155.4113867617764,1.413211409649639,513473300.05178905
GaussianRandomProjection,425,SphericalKMeans,0.9879262196531999,0.6713437154669865,0.9969733656174334,,,2.445968913955401,1177.5946630332924,1.4017993316455608,510930543.1887423
GaussianRandomProjection,450,Hierarchical,0.9951616975467616,0.682387184675574,0.9987893462469734,,,2.4492758186260737,1161.2266225365609,1.4103440847934896,510955814.1362666
GaussianRandomProjection,450,SphericalKMeans,0.9879262196531999,0.6713437154669865,0.9969733656174334,,,2.4497206327783516,1176.2340771105487,1.4026870038943753,509243499.40730715
GaussianRandomProjection,475,Hierarchical,0.9951617007660505,0.6817479965284504,0.9987893462469734,,,2.4472999661870034,1129.1064534954708,1.429574277066555,515951779.9110831
GaussianRandomProjection,475,SphericalKMeans,0.9879262196531999,0.6713437154669865,0.9969733656174334,,,2.4469072416267146,1148.6659507143736,1.4191659012008646,513684308.58970976
GaussianRandomProjection,500,Hierarchical,0.9951617007660505,0.6817479965284504,0.9987893462469734,,,2.450286525399761,1121.727460598311,1.434157792299659,516413975.2602247
GaussianRandomProjection,500,SphericalKMeans,0.9879262196531999,0.6713437154669865,0.9969733656174334,,,2.4513745678263454,1141.0662734043601,1.4237575729153669,514166240.79410505
GaussianRandomProjection,525,Hierarchical,0.9963701747588679,0.6842716526087639,0.99909200968523,,,2.4533072216514284,1112.9202155016023,1.4392077714085862,521501079.9619682
GaussianRandomProjection,525,SphericalKMeans,0.9879262196531999,0.6713437154669865,0.9969733656174334,,,2.452868491940464,1127.7286255299905,1.4312073102441076,519757722.1910621
GaussianRandomProjection,550,Hierarchical,0.9963701747588679,0.6842716526087639,0.99909200968523,,,2.452300572480297,1126.0975235721264,1.4304543772902139,523811383.4944625
GaussianRandomProjection,550,SphericalKMeans,0.9879262196531999,0.6713437154669865,0.9969733656174334,,,2.4526595356521916,1140.9669700852546,1.422573325307359,522058324.01815295
GaussianRandomProjection,575,Hierarchical,0.9951616975467616,0.682387184675574,0.9987893462469734,,,2.451950076507135,1109.8481006500958,1.4401350037319305,527588302.4579525
GaussianRandomProjection,575,SphericalKMeans,0.9879262196531999,0.6713437154669865,0.9969733656174334,,,2.4523835247559127,1123.4438901105166,1.4326745757389228,525967452.73979706
GaussianRandomProjection,600,Hierarchical,0.9975793842317422,0.6862587934172961,0.9993946731234867,,,2.4514101460497812,1099.8208914288184,1.4456101025762138,532393459.02450687
GaussianRandomProjection,600,SphericalKMeans,0.9879262196531999,0.6713437154669865,0.9969733656174334,,,2.4514440414097187,1119.437547219754,1.434746260145271,530031381.27954435
GaussianRandomProjection,625,Hierarchical,0.9951616975467616,0.682387184675574,0.9987893462469734,,,2.453722321693302,1115.7635077298366,1.436476038070224,527491341.0555613
GaussianRandomProjection,625,SphericalKMeans,0.9879262196531999,0.6713437154669865,0.9969733656174334,,,2.453443749429617,1129.9941776131973,1.4287368007227055,525797621.51531243
GaussianRandomProjection,650,Hierarchical,0.9963701747588679,0.6842716526087639,0.99909200968523,,,2.451486438551157,1127.8882996273683,1.4274111142447068,532743857.65049124
GaussianRandomProjection,650,SphericalKMeans,0.9867228689086774,0.6697617025547478,0.9966707021791767,,,2.4522830541642016,1144.8015122213337,1.4184964175988046,530717589.9842131
GaussianRandomProjection,675,Hierarchical,0.9951617039278479,0.681630129624994,0.9987893462469734,,,2.4476253253509235,1130.9961732322415,1.4246371400032531,537049390.6312407
GaussianRandomProjection,675,SphericalKMeans,0.9867228689086774,0.6697617025547478,0.9966707021791767,,,2.4477231471060463,1155.5102981813684,1.411753912343231,534095881.8370697
GaussianRandomProjection,700,Hierarchical,0.9951616975467616,0.682387184675574,0.9987893462469734,,,2.450432963165543,1143.9183910213812,1.4170922834557083,535435692.0666572
GaussianRandomProjection,700,SphericalKMeans,0.9879262196531999,0.6713437154669865,0.9969733656174334,,,2.450304188408996,1158.552692238096,1.4094618930309157,533679020.25028807
GaussianRandomProjection,725,Hierarchical,0.9939539566442014,0.6798638967078979,0.9984866828087167,,,2.4520204637320226,1144.2243555267357,1.4163119344197197,537973250.1403067
GaussianRandomProjection,725,SphericalKMeans,0.9879262196531999,0.6713437154669865,0.9969733656174334,,,2.4525618870514556,1161.3984767522486,1.4073747146022468,535903253.95643115
GaussianRandomProjection,750,Hierarchical,0.9951617007660505,0.6817479965284504,0.9987893462469734,,,2.450330117843233,1142.3036448468592,1.4179960757004915,535308454.74727273
GaussianRandomProjection,750,SphericalKMeans,0.9879262196531999,0.6713437154669865,0.9969733656174334,,,2.4508690131901893,1160.049366872233,1.4087716304615154,533179514.8242177
GaussianRandomProjection,775,Hierarchical,0.9939539566442014,0.6798638967078979,0.9984866828087167,,,2.4516214269444383,1139.2061163594128,1.4204483409526043,533685980.79069364
GaussianRandomProjection,775,SphericalKMeans,0.9879262196531999,0.6713437154669865,0.9969733656174334,,,2.451710756629371,1156.183372880552,1.4115486225663685,531653645.41105545
GaussianRandomProjection,800,Hierarchical,0.9951616975467616,0.682387184675574,0.9987893462469734,,,2.452637057330918,1141.9025265465882,1.4196202790942525,531391940.3484105
GaussianRandomProjection,800,SphericalKMeans,0.9879262196531999,0.6713437154669865,0.9969733656174334,,,2.452201677488439,1154.576911732915,1.4130664711148788,529880675.92500216
GaussianRandomProjection,825,Hierarchical,0.9939539525853883,0.6805790196984822,0.9984866828087167,,,2.4522032255892263,1138.1788615585342,1.4221642612565244,530617055.0004949
GaussianRandomProjection,825,SphericalKMeans,0.9879262196531999,0.6713437154669865,0.9969733656174334,,,2.452423280598925,1149.7627038496353,1.4160587886140878,529236347.0223316
GaussianRandomProjection,850,Hierarchical,0.9939539525853883,0.6805790196984822,0.9984866828087167,,,2.451509851563415,1147.9172926477747,1.4176488666423532,524555086.2853552
GaussianRandomProjection,850,SphericalKMeans,0.9879262196531999,0.6713437154669865,0.9969733656174334,,,2.4515772951905177,1159.5594530328945,1.4115847510622959,523186292.5912104
GaussianRandomProjection,875,Hierarchical,0.9939539566442014,0.6798638967078979,0.9984866828087167,,,2.4512843140237095,1148.4057801253218,1.4160360586544174,528358475.56343806
GaussianRandomProjection,875,SphericalKMeans,0.989130295046982,0.6738651624085836,0.9972760290556901,,,2.4517415306141643,1167.2902018154025,1.4061904224573212,526125963.5077173
GaussianRandomProjection,900,Hierarchical,0.9939539606311717,0.6796437249513618,0.9984866828087167,,,2.4504785583564406,1138.4509476410678,1.4208357943949113,532791521.0481013
GaussianRandomProjection,900,SphericalKMeans,0.989130295046982,0.6738651624085836,0.9972760290556901,,,2.4505010027082825,1162.7906273484507,1.4080478859197174,529887023.15436196
GaussianRandomProjection,925,Hierarchical,0.992746944776918,0.6780560998739338,0.9981840193704601,,,2.449810803495197,1148.5709228273006,1.4159879791359957,529335366.26311916
GaussianRandomProjection,925,SphericalKMeans,0.989130295046982,0.6738651624085836,0.9972760290556901,,,2.4504130577842105,1164.9166605551902,1.4075017038236324,527398375.3307748
GaussianRandomProjection,950,Hierarchical,0.9855202605094113,0.6676600081987947,0.9963680387409201,,,2.453146887832016,1166.1373143930166,1.4072970147565527,524458494.4544667
GaussianRandomProjection,950,SphericalKMeans,0.989130295046982,0.6738651624085836,0.9972760290556901,,,2.453082984509873,1165.7340275418824,1.4073234769131027,524505835.5033015
GaussianRandomProjection,975,Hierarchical,0.9927469496029248,0.6777599932132288,0.9981840193704601,,,2.451825026598595,1144.761980288387,1.4185943281459936,524814604.40719974
GaussianRandomProjection,975,SphericalKMeans,0.989130295046982,0.6738651624085836,0.9972760290556901,,,2.4519075369784566,1166.3287384179298,1.4073334111004197,522281543.323581
GaussianRandomProjection,1000,Hierarchical,0.9939539606311717,0.6796437249513618,0.9984866828087167,,,2.4508769056856607,1134.0989178854666,1.424925387681925,525551803.84428763
GaussianRandomProjection,1000,SphericalKMeans,0.9879262196531999,0.6713437154669865,0.9969733656174334,,,2.450667337325587,1156.436893198748,1.413110685991756,522918647.08972317
